feature_1,feature_2,class
-0.889530792975615,0.43959296522006425,0
0.29094811477194105,-0.408846854169429,1
0.12659316278981206,0.45904992380045717,1
0.2436355182931112,0.4067027177022186,1
-0.37390230671962355,0.36780575176679436,1
0.2679245772195454,0.43961327192660277,1
0.2099787059139717,0.5063805629256816,1
0.25711360585902854,-0.4707939392598752,1
-0.21521937042152942,-0.5072489409849393,1
0.09269041667883207,-0.4782625761505733,1
-0.09521482936177039,0.4773764957196769,1
-0.5130595441969055,-0.9628331147690692,0
-0.0012195600350724677,0.9090166102045428,0
0.10388000571059458,-1.069105745081248,0
0.550551219658721,-0.06412621199025588,1
0.11758663215722724,0.453326693065589,1
0.1581822733447925,0.47798225742957506,1
-0.7645078073352728,0.5122166356365812,0
-0.08940907951981396,-0.986742350776118,0
-0.9001574869612402,-0.5878190815534537,0
0.333529648016206,0.2659297956961124,1
-0.018587292438774394,1.0445722420089287,0
0.3476581794263571,0.35052852481607166,1
-0.5321235110241168,-0.05121989817886641,1
0.6840342565989941,0.7553093594223306,0
0.5605419262726222,-0.007251586854939969,1
-0.4640294175717422,0.007863807062263336,1
0.7933694008342685,0.612738319414915,0
0.47527351443875454,0.16082418928029615,1
-0.5144460213030612,0.14617595379305373,1
0.44759331678554676,-0.023251100675665146,1
0.39492041619401413,-0.2724124427395827,1
-0.25115449726005756,-1.010086454444345,0
0.8353622034189724,-0.10093753959921573,0
0.3923028523792809,0.24516886605058733,1
-0.8773184794401316,0.6218393545888615,0
0.5238742719715637,-0.11317590464076613,1
-0.48672360504831264,0.15341264235872754,1
-0.6961764620261066,-0.8645432673549229,0
0.904973476088992,0.24122145191090727,0
-0.007583518203515819,1.0086167160230652,0
-0.9019427467757162,-0.5738452921915885,0
-0.3257515779865139,-0.8293061473030033,0
-0.9919419656436524,-0.13644994481072542,0
0.0034799679545632813,0.9087956010531336,0
-0.6774123006728535,-0.6277952864177034,0
-0.1822591711714164,-0.44314444257735036,1
-0.11616777690821609,-1.147984854056859,0
-0.48503605971435315,-0.6487008213480894,0
-0.4483949508869807,-1.0175526524322187,0
-1.0030296373631253,0.26119188784893765,0
-0.2746853468661537,0.48859429494287776,1
0.604546930564069,0.844480745055899,0
-0.26372315421603154,0.4101135506087286,1
-0.22804465915919395,0.477400512641892,1
-0.8905152074374367,0.27785335643124826,0
0.3408515321602703,-0.3555861860781417,1
0.7591714090272329,0.7129443028127178,0
0.3146557299854941,-0.43985964455722093,1
-0.7026011702880287,0.7242999720337402,0
0.7971847394380639,0.7405985422218727,0
0.502106745469137,0.05840754045282077,1
-0.15087664339442325,-0.46818672148025564,1
0.4486943575832645,0.24283667240934204,1
-0.38444738243420373,0.28033690439310416,1
0.627346798831627,-0.8738419491799186,0
-0.47175452010257346,-0.3009857865954047,1
-0.14518494540840904,0.5056195145804429,1
0.834682382653206,0.4181157084980451,0
0.5548053803316478,-0.6785675571293104,0
1.05073509254255,0.25521226628146304,0
-0.3106326099498822,-0.35138733771923797,1
0.37779744511977875,0.4312098729705109,1
-0.5683546899723803,0.011141129791883447,1
-1.0534970540909379,0.1742682730045802,0
-0.23547031664604284,-0.5155973046421485,1
-0.6404431363315519,-0.6208852124378267,0
1.0298224266044353,0.14415328156654575,0
-0.6338664906421847,0.7578255369647304,0
-0.6045594662857193,0.6683772882140244,0
-0.005778497808723138,-0.47504485465186713,1
-0.48590878272365534,-0.2367701541096013,1
-0.6459849099742677,0.557865918127039,0
-0.10656284948764223,0.5076584965963142,1
-0.5519001823823758,0.11827043631986739,1
0.8127119331324755,-0.428035711907733,0
1.1132895254451671,0.1685203357801599,0
0.4658591337928806,0.05037839443388062,1
0.2776356485638304,0.9077611281681666,0
-0.45564896245541675,0.2687327621267954,1
-0.053987490082630964,0.5279094216332404,1
-0.41144191265479163,-0.27659197854324724,1
-0.44233371060650534,0.8754159866922616,0
-0.4159001179846708,-0.18608361838145257,1
-0.17314363592744905,0.45059777093011905,1
-0.3209498007314504,-0.3786170374368425,1
0.40841950166215646,0.22143901435505875,1
0.040357912759421036,1.165080731775419,0
0.40523621872591126,-0.31155231993745675,1
0.40273193803875823,-0.24186105435308222,1
0.13999881468292968,-0.466839114876767,1
0.7010022197051238,-0.7133165753957513,0
0.14919293514536816,1.1132504101946952,0
0.2475331023185941,0.9725484205068031,0
-1.0034969263815878,-0.26731369542248395,0
-0.4045918046276004,0.25090153157016104,1
-0.4478899899161555,-0.11718633831351447,1
0.5031902912210733,1.067242797009306,0
0.13349905910038878,-0.48464242686303255,1
-1.0107396522299317,-0.026547600734942525,0
-0.1187330244115305,0.5033932838973594,1
0.9200367571239545,-0.4927994662560221,0
-0.3538780449760747,0.3705221173882071,1
-0.3365416791880738,0.39095865178135697,1
0.18849915740254342,-0.4758250710140623,1
0.2839585953266195,-0.3983860951328123,1
0.9504493398725444,0.10839847020512511,0
-0.02101609287441281,0.5431986491905022,1
-0.4406319405425473,-0.2561071288154775,1
0.8736865316385639,-0.486298956895334,0
0.41008614384269176,-1.0943416627959575,0
-0.2847788510862695,0.3270726265531551,1
-0.2023342434519447,0.494084246239813,1
0.6509423388343419,0.735495826311544,0
0.3078248703078139,0.38259902104167554,1
0.4203246219761555,-0.22244289966175512,1
1.020695843981895,-0.061971530103248726,0
-0.6476705484549803,-0.6086973236985876,0
0.700128353777317,-0.6701819036949773,0
-0.42254413884024483,-0.21338479706520566,1
0.39729613842403816,-0.44271268915488593,1
-0.35966909368847383,-0.25274593577419363,1
0.7198961819793986,0.6316811503409318,0
0.945092237370905,-0.29529575453101997,0
-0.2706648079329065,-0.3684190999979995,1
-1.0071606088476432,-0.1690955922023703,0
0.14786680516004427,-0.38611800801218815,1
0.9640704711644837,0.2103344504703755,0
1.004062425530747,0.11386652068959198,0
0.7950790413497268,-0.5317166859555635,0
-0.24174278692305898,0.423750676860127,1
0.40916808549878936,0.21697652335255127,1
0.31512901646797215,0.34194090337771826,1
0.9648978165325953,-0.0036415832802486584,0
-0.4165412699488075,-0.3572235206057354,1
0.020314274123286076,-1.1130734849622677,0
-0.8029806235384863,0.5391977334653658,0
-0.3105125846485351,-0.4369698879988159,1
0.13817052762281248,-0.43677301036405003,1
0.3956422402943743,-0.2818487976013792,1
-0.44448804041344186,-0.04211331915941013,1
0.4380306820171024,0.2992084706100055,1
0.9470938380418389,0.4890230198017155,0
0.48618772823167217,0.19119503753146516,1
-0.6704064229765877,-0.6903506408396957,0
0.5028707290979934,-0.07048601279485386,1
-0.8607197004241318,-0.30967119674785837,0
-0.9580819084200917,0.3289566158525917,0
-0.9994127477870061,0.4473595763383212,0
-0.1039627760744701,0.4952362686556179,1
-0.7816236123575365,-0.30946808337115345,0
0.9410507566585774,-0.17739170095961992,0
-0.40520460636496036,0.88368106509543,0
-0.166588425194774,-1.0026420192175802,0
-0.5152417411836386,-0.8544673793282197,0
-0.8861354083445976,0.13989765753593897,0
0.18641903383103278,-0.9871757675172538,0
-0.41947869217579886,-0.24874164482573022,1
0.020686570654407623,0.4515335612882658,1
0.5222376829591229,-0.12203882237838637,1
-0.3977126369191439,1.0605186054312987,0
-0.18257720418142956,-0.9402880972171469,0
0.5868851638471608,0.08000547823625949,1
-0.008613761237342477,-0.5005809916919649,1
0.7975116625228187,0.09929382193030131,0
-0.14410057991329372,0.49977056780104856,1
0.9333786076028263,0.1950708367670929,0
-0.4685223496323632,0.8302281931201557,0
-1.0181593278466883,-0.13904801366783556,0
-0.32698660620257647,0.3651969213391747,1
-0.4120304898220951,0.851243654065162,0
-0.5153582956620687,0.8465001820559771,0
0.38540953712850523,-0.9834857939042042,0
-0.7008679634474861,-0.42272351504389,0
0.4417089861498315,-0.3977714058534788,1
-0.9566548067342564,0.16456088227813187,0
0.3979498726936311,-0.2330736711500857,1
-0.006743325603488522,-0.9937493324968479,0
0.4926522219952678,0.982965787661666,0
0.7925651501612458,0.13656482754919066,0
0.902666824989934,0.5448368553999218,0
0.7902998961825307,0.25396715258300684,0
0.13746710056930764,-0.4117600186843876,1
-0.3305556930330862,-0.4029946848608466,1
0.3888626629928608,0.8527392245934147,0
0.336610964919521,0.40062114191896925,1
0.25527040711201054,-0.4884822512590162,1
0.10643465922750221,-0.5084009701344743,1
-0.6010193590774093,0.8693892869457077,0
-0.2205709724562804,0.42510095410326587,1
0.2797186310688034,-0.4686646339107805,1
0.31540003558712676,-0.9146493639568681,0
-0.8695157979403626,-0.14875022577173075,0
-0.11152765542468245,0.8946588776571074,0
-0.017514833970584055,-0.5879595027125053,1
-0.4848736405921913,0.25179001752620356,1
0.15941479568796374,0.536981741707665,1
0.3461499000372885,0.2778159567204798,1
-0.43580197808742693,0.2981327646764248,1
-0.8955736197080896,-0.5782110362095042,0
-0.23625833153576367,-0.489946814807481,1
0.28969940339356803,-0.4309487317458216,1
-0.8975032679880531,-0.07241297439140118,0
-0.24710907955193415,-1.108875539031346,0
0.03605516423848655,-0.5234157717382966,1
-0.004576887050275473,-0.4966505799040373,1
-1.0286489807072254,0.364119110531357,0
0.9584337788487071,0.07513683841430542,0
0.7001436118578138,-0.809085594414474,0
0.26096999107460583,-0.5006244881797008,1
0.7406756422599664,0.6879924323799562,0
0.6983888753698035,-0.6501290292757458,0
0.7693754020282202,0.5275260274739295,0
-0.10574997016355468,0.5079727002106457,1
0.06158412130416671,-0.4903234192501622,1
-0.02516476607015917,0.5546997450805993,1
0.7649019244124442,0.7191238903611127,0
0.5157531734711268,0.034695032905108655,1
0.47743019988053226,-0.1482716523997513,1
0.5902361351697595,-0.8913955811645452,0
0.16545620732712038,0.4782539841448354,1
0.4619813994803972,0.02687777251858414,1
0.4563565125546258,0.1012653002144304,1
0.7150685506505698,-0.46595181605806546,0
-0.5064299712902391,0.9052527798919752,0
0.4608046872716592,-0.05990508035033666,1
0.2046728525257465,-0.9191440232720516,0
-0.3883595737097952,0.38496239339117966,1
0.7963438647557446,-0.3401728096281367,0
-0.048667275140909384,-0.5368095997197033,1
-0.7403562992968451,0.538468129448643,0
-0.894284341169594,-0.21157173573948296,0
-0.09594136678285284,0.5168295629741667,1
0.5828826946569481,-0.6063996258331517,0
-0.9763078672345131,0.010793880485384068,0
-0.9659529869386817,-0.36151894665909207,0
-0.3987142383811993,-0.3270091117182698,1
0.8187645526836027,0.6415095382096273,0
-0.3053809192029438,-0.9659508511901189,0
-0.07620753920937647,-0.46853029096383086,1
0.05017314071327686,-0.5062909258231465,1
-0.32601762880753715,-1.0612957078278744,0
-0.6750799380060186,-0.7021325768724972,0
-0.7167948356360309,-0.777218237672586,0
-0.4304423968900172,-0.2543321676574339,1
0.4574615702658083,-0.3165289049434998,1
-0.20619788164725422,-1.0532428390067432,0
-0.28361411482287263,0.4603101861698916,1
0.47095217415820606,-0.8852897218935661,0
0.7698355948439427,-0.552197456477455,0
0.5740910361160633,-0.8138874866564755,0
-0.18671557071033182,0.9540725908948438,0
-0.7630506158340525,-0.6695645513505059,0
0.22157440326429365,-0.44016357649430343,1
0.42183481816714,0.33450890125501886,1
-0.532193790204121,-0.010192912346960863,1
-0.880923952851161,0.3935056167609597,0
-0.22277779939745976,0.8791580774735785,0
0.9233409119815451,-0.276961584877606,0
0.07570336018616913,0.4803965558304902,1
0.5141820283236741,0.03557514779520698,1
-0.8379838798386661,0.77730269140616,0
0.6353643454089197,-0.948047342763656,0
-0.29581549206345276,-0.4043147799395578,1
-0.8270032002856569,0.5908275145770592,0
-0.49665808287113805,0.0901418273292678,1
-0.15622373916492532,-0.48729370749614054,1
0.8192378117886568,0.600551536681586,0
-0.3963434234388246,-0.34156731769155674,1
0.3562361999544391,-0.9532569830863045,0
-0.3579595310267798,0.25603986104389864,1
-0.4693182194927005,0.13339953686463274,1
0.39296517718577845,-0.9301308037115735,0
-0.30855405253177687,0.3179134565712994,1
-0.7096342133289032,-0.555336639857737,0
0.7031164893303539,0.6671045148715123,0
-0.8055376148382754,0.5944173932060048,0
0.6474522426345856,-0.7157289752730999,0
0.5028788997980701,0.9792913658144939,0
-0.9955111459130781,0.17897344450851224,0
-0.9664501438884612,0.7072766643719977,0
-0.8574623841548269,0.28792183128847976,0
-0.26478817195501453,-0.9812152351133894,0
0.5341010384384723,-0.862382462422187,0
0.19268195311789335,-0.450630430102082,1
0.0693353147805309,-0.4614121578739661,1
0.47726908673797935,-0.18909948938511065,1
-0.30675349377420613,-0.33936420877717555,1
-0.08707798868081972,-0.4989276260861143,1
-0.25754149316812397,-0.8596474903535872,0
0.5229517114563067,-0.05861796327171499,1
0.5264120337232013,-0.16788524382009687,1
0.12187061516572258,0.929939985934179,0
-0.19322864025565206,0.47434507225361355,1
0.23446594148346658,-0.7561374787223667,0
0.4485415285529249,0.26386140606154407,1
0.9081326791898335,0.14618484107367372,0
1.0391656509080884,-0.4566751788044826,0
0.4827595340319626,-0.11857907319769925,1
0.26217231969492777,0.44213420256565217,1
-0.3300657563850425,-0.42672420263633415,1
-0.15339902182205206,-0.43979519835436703,1
-0.6281081273063686,0.6251967573343942,0
-0.04201809762694731,0.47447278145577315,1
0.6132244468636389,-0.6703966332810991,0
-0.24015686400499178,-1.0260953884243567,0
0.3268557440189526,-0.2592023999990254,1
-0.9416991553760455,-0.301508667149716,0
0.7777812403562795,0.7111062119363605,0
-0.5463992528995676,-0.1364596585204508,1
0.9103021402003288,-0.19337813747027238,0
-0.5056227725803311,-0.21400976713573944,1
0.0795089769584613,-0.5482744250637569,1
0.3229643155993347,0.3188647813717013,1
-0.9557168866493073,-0.2830740107682089,0
0.7448847386578139,0.7963397605534658,0
0.3701919010265981,0.31110027357009606,1
-0.9347612281238437,0.08908830821489089,0
-0.8928945119952645,0.5365868440831393,0
-0.48478170640781476,0.22272508439677868,1
-0.5986252697383548,-0.7042968974642385,0
-0.3960630368770408,0.2938752974163145,1
-0.7759830984177701,0.5593919643650923,0
0.02898596146594798,0.5665656692958627,1
0.21145360577837985,-0.4483636056221348,1
-0.2762147738692264,0.5271640717538387,1
-0.38444184928352737,-0.43074752114919873,1
0.5459928426329648,-0.7413268264371689,0
-0.4560509831107189,-0.18090694419577405,1
0.9464201393573534,0.401794586797048,0
-0.48187367665526865,0.0827212664054592,1
-0.07433025833342438,0.47185726793791477,1
0.8822127209217997,0.04256922031581476,0
0.5414072008104366,0.07644934375581501,1
-0.27614104400753053,0.45472110502287716,1
-0.327401681296156,-0.3763561726847787,1
0.38224599443379464,-0.2982916138465578,1
-0.37122880050038515,-0.8872343424620003,0
-0.8166402643791075,0.41525288403896743,0
-0.00030952324586510803,-0.9891393164807205,0
0.582507745672516,0.7303946996474582,0
0.3820839987109897,-0.3067645486910209,1
-0.8402755078484497,0.44230799094336276,0
0.12029520557402727,-1.0557071013387407,0
0.4854233698671135,0.132403618456324,1
1.0109436708051565,0.14939264229226187,0
0.294054800036307,-0.8826424573228085,0
0.08566176140087674,0.49115915982360964,1
-0.16384770203483914,-0.44775704538392624,1
-0.43872808402981844,0.25561781771627545,1
0.9503812839272181,0.2708041454525811,0
-0.3849015066286098,0.9209097182742608,0
0.3308046482850946,0.3459764261936191,1
0.8781290494865214,-0.6295168757300319,0
1.0694018037097117,-0.1138202774988757,0
-0.24044289389473106,0.4148589704294092,1
-0.22607424747573107,0.4665640850794213,1
0.35178657962416277,-0.32933662076246856,1
-0.4752800699547504,0.8401079079378215,0
-0.6267177668073893,0.7578365172552577,0
0.5824502140518347,0.7405669545283173,0
0.5576465663728137,0.9200326378915503,0
0.13343899984814064,-1.0381485094597496,0
-0.30274344116054835,0.44838804694975076,1
-0.11555233523294459,0.4792562629621311,1
-0.17987147061673955,-0.4950458038682262,1
-0.14686546201191444,-0.4894754461098912,1
0.28791741218438577,-0.4513548827761876,1
-0.9494295920216094,0.01531554930957929,0
0.5057688128653159,-0.017774991807786997,1
-0.6306869743546658,0.6730486429682808,0
-0.48536370708030047,-0.10763462323959054,1
-0.98198151880042,-0.14753002593221598,0
0.8399903603746391,0.3599664258640174,0
0.4204029556574056,-0.9714481187841986,0
0.7599957271880865,-0.8503187733376077,0
-0.214588130401455,0.8590510742053967,0
-0.6403479776651396,-0.9918219251306101,0
-0.3850237548778601,-0.30876135808727234,1
1.0258008761010524,0.256686377992556,0
0.3056375025103224,-0.36555900399859315,1
-0.44550840951942977,0.19176064798886397,1
-0.39812776734920086,-0.21650372019486944,1
-0.057690289703493394,-0.4559479452170613,1
0.9479482427930246,0.013185138294359768,0
0.37713911375505527,-0.26130990480275906,1
0.5154441540189204,-0.8861363125547367,0
0.7502008781863094,0.891040156266262,0
0.11750050808233505,0.4857332343463446,1
0.08181750582356724,-0.5230027026824883,1
-0.449484276900006,-0.09429859783612983,1
0.4924384196231534,-0.05583764924933116,1
0.835201371027141,-0.6282361635123263,0
0.49681927199220743,0.07266098661065208,1
-0.35811388769418995,-0.32612817743995687,1
0.25013920136387596,-0.4722931906777049,1
0.5203875399998011,-0.0431413567147528,1
-0.23242989668829295,-0.29599454278548487,1
-0.1738594035109911,-0.47123478837070004,1
0.48216568867293663,0.7595319550530053,0
0.41281944403971094,-0.2594813343195266,1
0.5129709863268934,-0.020230368862941855,1
-0.04970953204691661,-0.5002050127258061,1
0.6118451202491246,0.8518013104319935,0
0.368097575905189,-0.42590525630210574,1
-0.9700502434377286,-0.3735271833834568,0
0.1161397929048525,-1.036172133561673,0
0.06936326821260083,-0.4811178826886298,1
-0.22718642977010287,0.4391606909273358,1
0.01571358982051454,0.5288196903018141,1
0.2367996647031195,0.3994834152690358,1
0.9703618854873955,0.026192422154860524,0
0.7309378480053941,-0.6471456319729809,0
-0.793090527249359,0.546856120915854,0
-0.48347911076533506,-0.9145347234592391,0
-0.8200504989265861,0.6045682440646435,0
-0.7619594312656681,0.7184986646645489,0
-0.4189859717180583,0.7454742892603718,0
-0.013820581517952315,-0.524614192434548,1
0.5404606922300279,-0.8404389105409277,0
-0.9382358053718014,0.23825801784285783,0
-0.07357284863742164,0.45453012711848906,1
-1.0895255629506968,-0.1271412205848034,0
0.9834285919731927,0.051689536718241946,0
0.49865566732004557,0.12361378598406578,1
-0.7543359552855292,-0.5916855770606706,0
-0.6998299936793514,0.6316377756111414,0
1.0363641616124502,0.10842558827091914,0
-0.4243679951361996,-0.023846598049758746,1
0.23110075921362913,-0.44951062898203786,1
0.021680447762468826,0.9788064858294683,0
-0.20994127248540534,-0.4501395835058205,1
0.2030616404702153,0.9861567563233141,0
0.04700463705573397,1.0398670971546484,0
0.8721571204112847,-0.41942309334855576,0
0.2511542409727426,0.3584034898459337,1
0.3060812377160872,0.47955002170943967,1
0.19118378703697508,0.8308927808644406,0
-0.3849000327482325,-0.2285806361842032,1
0.45381797370986543,0.05890685005193013,1
-0.4523135638761792,0.23094708259584693,1
0.8519763687762336,0.5543361640295259,0
0.4340121600119057,-0.2622530073974871,1
0.489308880510365,0.2354617014224836,1
0.31470003075884456,-0.8670216477986373,0
0.3425069665543019,0.41238308758979475,1
-0.9744703393482256,-0.3015023412519816,0
0.41259173189103726,-0.9334748844220221,0
0.48912175638148886,-0.8168149363589033,0
0.0578774075978824,-0.8114377368583985,0
0.46944977177146346,0.2429724046728056,1
0.9213027405568547,-0.3542378729956625,0
0.33927110143199446,-0.9121948332871199,0
-0.3618967694360965,-0.2869208411281426,1
0.24616896338195518,0.39623112712052105,1
-0.011641604883056654,0.5524783613139798,1
-0.471270147043901,0.1072497441979732,1
0.27879398056489385,0.9504695515768454,0
-0.17490081897442333,0.9521112419129639,0
1.0016863023880627,0.0864854062966677,0
0.4984860942085611,0.6816516300338722,0
-0.38488895985909405,0.28392745465248787,1
-0.49780159874860835,0.19147381181521314,1
-0.7528985799302613,0.6125923351294188,0
-0.7949712186474375,0.5405553956118722,0
0.3291133256215977,0.34570841506030536,1
0.26413275787080015,0.9410224243537217,0
0.4037410291925014,-0.2793498064530144,1
0.17057285505008518,0.9791776481747905,0
-0.5431303758303678,-0.1754419730615621,1
-0.3266711896793661,0.33708474303475483,1
0.030074886098735192,-0.45763294249244063,1
1.037257227564547,0.4626463511523824,0
0.4371186833606354,0.17599802818878382,1
0.48790539233926306,-0.14137122058184923,1
-0.7947183999049295,0.5547296547457007,0
0.12205802036211688,0.4847053357219551,1
-0.037914279307510214,0.5411951683996546,1
-0.545343860232425,-0.0953158841690415,1
-0.15382821183306927,0.9555129924010806,0
0.19491366240306865,-1.0797481942579026,0
0.3771707195275783,-0.25910747736308426,1
-0.6027764944460074,0.7904576282685164,0
-0.4971787128459205,-0.04214595166303168,1
0.8740663888142951,0.42521483209855543,0
-0.3722216306767059,0.833830653865823,0
-0.949235335667769,0.46888427149045103,0
1.0347128470821219,-0.14217123078409286,0
-1.0054154277197374,-0.182367461510905,0
0.281173887778155,-0.9674850008118209,0
-0.4099471745309383,0.260270520501553,1
1.114280263512565,0.07511484104223887,0
0.4217497404559353,0.2912564762479869,1
-0.5819736481260259,1.0289495140906026,0
0.3542282424265513,-0.3363550719289271,1
0.08721036086328408,1.1496398181237792,0
0.5768108816701172,0.12439394323517408,1
-1.037689066591084,0.026073758816932913,0
-0.07106137877264197,0.45677262683537895,1
-0.5287919336786355,0.02960250399727333,1
0.5396852138768278,0.8523652554176737,0
0.04682114430467235,-0.9196715926472596,0
-0.15803013986069375,-0.3865328640161526,1
-0.14547178694828422,-0.5070450380340387,1
-0.25782404110396384,-0.4228537301253158,1
-0.6811163233371429,0.6887636729839987,0
0.715029359205298,0.4833555541884945,0
-0.271109407466695,-0.3623202451413211,1
0.9381815522643027,-0.29131760724734374,0
-0.8039881796313568,0.6340121747691371,0
-0.5408317713318398,0.0043530430881397126,1
0.9877358882681739,-0.6018347596864569,0
0.516533161102479,-0.09156361113813762,1
0.2063964503803754,0.48314816900634044,1
0.43918317115772554,-0.36065783144026364,1
0.010101219432395857,0.5324302063876601,1
-0.5863353268091054,-0.6652043485270026,0
0.16190688766014677,-0.5735695696373067,1
0.20319004601099164,-0.46986366321964773,1
0.2470645204334117,-0.4322600971126673,1
0.7878578698351792,0.3156033207458713,0
1.0189616886159478,0.21619654876547376,0
-0.1105231173476517,0.47866043013395926,1
0.4685696090422339,0.10908313235517822,1
0.16979352910783663,1.0587064908521293,0
0.4628568307508304,-0.17450389944986927,1
0.20320389301139563,-0.4119099531123116,1
0.5282178647201368,-0.0035456735930262493,1
0.131513798105143,-0.4820581904068357,1
-0.2590385664144207,-0.8428186449112625,0
0.7054585558082296,0.6174718963299959,0
0.15304415316638087,0.4753809749147081,1
0.47206125957518014,-0.14640126558346123,1
0.4973115665461828,0.804147618200574,0
-1.0510336726673228,0.5024443140107322,0
-0.48729606734630776,-1.0292818719214816,0
-0.3242613199522138,-0.4106242627621407,1
-0.4335852924159443,-0.05403989060918965,1
0.08823192327763693,0.47987159821351355,1
-0.33736108394763487,0.37959547508120844,1
-0.20472163448968944,-1.134070991363247,0
-0.8284568985514902,-0.31069134712597357,0
0.053382852374199395,-0.4915237668789912,1
0.5086543964496859,0.16805061483943037,1
-0.18256015234958287,0.9092786965116608,0
-0.19217936748249895,-0.4403455052332551,1
-0.3465853044823019,0.25433207401730357,1
-0.08663154409295057,0.4669884081085447,1
1.0833026127973733,-0.02305646366086122,0
0.8049090931031425,0.37742943210165975,0
0.4768909423686197,0.21722088637723952,1
0.45239215285634443,-0.02457670113415437,1
0.020091334049131642,1.0367800333680435,0
-0.4560361219248968,0.11894538882433052,1
-1.01029036782354,-0.1243881052512555,0
-0.8400057552499902,-0.5833879444013206,0
-0.3359062323501761,0.2388582772728306,1
-0.4594396493970502,0.19268224114315222,1
-0.746360256018117,0.848506865570405,0
-0.27505684281944565,0.4568313528814931,1
-0.75134262166309,-0.7938871609026569,0
-0.5206408958959629,0.650877264103743,0
-0.4450187616941685,0.3310979829798597,1
0.29159001192363787,-0.43055018949599155,1
-0.42671827547986724,0.1360241660199389,1
-0.45842807581172756,-0.16326492769985929,1
1.0165793617623005,0.46469110852033424,0
-0.4402642898296301,0.2703206267074499,1
0.8045394930856345,0.7543738615179275,0
-1.0662834867938735,0.3935539158933712,0
-0.4203857838899701,-0.19431293747543904,1
-0.1840024975327568,-0.9070595851021686,0
-0.4999820089455366,1.1055830160524946,0
-0.19202536615807309,0.8699219832945558,0
0.951287252308854,0.13205521664329017,0
-0.7636922522965823,-0.5374149055074752,0
-0.3184852525425568,-0.35304146544508846,1
0.805654514167805,0.4959725837227727,0
0.3278438374949295,0.37310476914905644,1
0.7700270856826109,0.6131325321408719,0
-0.9529045569711371,-0.5102356340635292,0
-0.5836697704746089,0.5807445536815724,0
0.2928606039042849,-0.4015632540702181,1
0.2212249566032854,0.4581263676438506,1
-0.5456225807112965,0.9432466933132314,0
0.9202751875833934,-0.17210533440418155,0
-1.1009599906497702,-0.2208320790302778,0
-0.1032466978902899,0.4663379746890892,1
0.18630364285034187,1.0624303453629316,0
0.4698756501450265,-0.1553914605540976,1
0.8155331035740953,0.24095227030635302,0
0.15919663685569596,1.0691678612465383,0
0.8771931662052851,0.3121059102781151,0
-0.1863572968146737,0.4136828482550191,1
0.3487218005314477,0.4479879607454921,1
-0.48102523231826455,0.8629330499911387,0
0.8484955717568425,0.2645720506061518,0
0.48350158092425577,0.16142695498823692,1
0.545811701732506,-0.8261753905206602,0
-0.0364350963069023,-0.8724952630189388,0
0.5964093236275978,-0.7224058177869246,0
-0.4838838136431336,-0.08862271460029437,1
-0.3221044286370382,0.2582656557940431,1
0.5221632189523187,0.046569281691672425,1
0.25957664984079376,0.3284115284313573,1
-0.7979546868665615,0.6971942544241317,0
0.9327427606796048,0.43942773004441893,0
1.0315183014168199,-0.03355300857926407,0
-0.14388380451508975,0.47321713438210317,1
0.05205325676073386,0.4824513710524714,1
-0.06162780978201373,0.5543530291168186,1
-0.3504023296444513,0.9916810399804867,0
0.056684571152307614,1.0400202269464538,0
0.3184509970907166,-0.4509154499338597,1
-0.3774765604377744,-0.4418015504356105,1
0.6128858065714301,-0.8512917145031033,0
-0.7084378274039135,0.8021313547929579,0
-0.49711084625620583,0.04998322334642142,1
-0.21250204914299267,-0.4453754677170762,1
-0.47590774028864746,0.1709712183255274,1
-0.9168913131821603,-0.43271972238146306,0
-0.050603994540629776,-0.9517612680216099,0
-0.4986608099628667,-0.22363639105199046,1
-1.0439502319846936,0.622281521930888,0
0.3962748482635781,0.29438641290431433,1
-0.9735336961792693,-0.13038456441007373,0
-0.8856024224246675,0.6664451430488415,0
0.013316806968194813,0.4787228231055488,1
0.9969117901478632,-0.3707525694613443,0
-0.9831179037116593,0.3317930767014831,0
-0.1827533680661951,0.42291464285930036,1
0.9442363014678121,-0.16673436098301203,0
0.9949289631443733,0.12575687860717702,0
-0.31804206088046416,0.38872532548557615,1
-0.11119720969429588,0.4872589293342702,1
-0.43554378439693675,0.15142452970857329,1
0.5998926976646844,-0.004595407329278447,1
-0.38937341906831396,-0.40501807615616053,1
-0.5957279680210782,0.8378578451727665,0
0.16110115582530452,0.5230549212582952,1
-0.6665631844643031,-0.6779448424683628,0
0.5641609769948963,-0.8699353295342241,0
-0.14314972883167712,0.48798113538286825,1
-0.9591634306169022,-0.1428654998035766,0
0.46894558881964876,0.2357171836563282,1
0.08191880602256274,-0.5342333287574503,1
0.9306425162914751,0.09831047372492296,0
0.14292842875035866,-0.5470457075711164,1
0.4812854363512637,0.047228336953316005,1
-0.8197113572417104,-0.44854445485679234,0
-0.9305980963592035,0.15152443484489325,0
0.16756084855935913,0.5047955423417754,1
-0.9595051901735835,-0.09769860172191673,0
-0.8926016314361622,-0.46849165718125196,0
-0.466159856911494,-0.2978953754683175,1
0.16792338642030832,0.9746876735508064,0
0.4593729387627806,0.8193247954354786,0
0.6999319776859009,0.6681977853131942,0
0.4660663245236017,0.060859891310258936,1
0.2020192132159351,-0.39482767495008897,1
0.014892450265199204,0.5406266373389367,1
0.5236314177097389,-0.9622707527566021,0
-0.35971860124705535,-0.363440763946994,1
0.5082781242532312,-0.061631964417524145,1
0.126989706580535,0.502732143378174,1
0.24290392659558416,-0.48482801764653893,1
-0.7480614035260663,0.5230081896195573,0
0.28587294573631117,0.4358472343431671,1
1.0067840069810665,0.2803441671220415,0
-0.24620045393276468,0.9515463586661984,0
-0.9673174617575838,0.5739708276227506,0
-0.6118577781132755,-0.9030516934310618,0
0.4498642626961885,0.8507401778628203,0
0.2738959703318986,0.5284752292307334,1
0.3829699410122013,0.3062694010293043,1
-0.2570694218926442,0.378453624910416,1
-1.1408977278282761,0.08512533731894971,0
-0.7516649350352599,-0.6570349633428925,0
-0.00921766256924735,0.980957000425002,0
0.9391826617762103,-0.45744750747783397,0
0.8188579559230391,0.5364167175543249,0
0.5173493071648532,0.9284628420757671,0
-0.4575245995412527,0.26883207195424874,1
-0.9264706543234147,-0.10329101569099414,0
0.3540265879595047,0.9091274504046964,0
0.44290070421990607,0.17587015456998076,1
-0.6081791940658564,0.731361394340368,0
0.13183894495019233,-1.016005990317626,0
0.5102031664595202,0.00684876357089957,1
-0.3945080154752734,-0.28880003850070873,1
-0.44356500842684643,-0.34938892927614984,1
-0.8660387769528489,-0.5427544228553406,0
1.0127402436118504,0.39544511272599103,0
-0.0876987422976718,0.4477908683292441,1
-0.10427274482757502,0.46256845864337665,1
-0.4441988555930016,0.2692012120293775,1
-0.13214190057302233,0.4720364097889467,1
-0.6057759698291919,-0.8140585443363403,0
-0.9389603743272013,-0.28553312072186776,0
-0.5462830990486794,0.7184005534059439,0
-0.33045673417680327,-0.3756535013605048,1
-1.0826711131431757,-0.10994787317068426,0
-0.47812271766352304,0.039033398937124875,1
0.4491579424886317,-0.019422888848229288,1
-0.9843715033813846,0.2857587627168196,0
-0.7429519653735561,-0.6006885167474201,0
0.17593697853874687,0.48836316713941774,1
-0.7380993013550139,0.9227324077212089,0
0.06553917306648949,0.48908790500817956,1
0.28645830261108507,0.34265435326833604,1
0.9387910924969446,0.1527190698807583,0
-0.615100472546853,-0.7486138898342211,0
-0.34485245141070386,0.3532723191300178,1
0.1748757426608548,0.4677983679151773,1
-1.0374308197996036,0.23856647687230956,0
0.20363014377462063,0.8882104600123865,0
0.45004323182868905,-0.20724014031120022,1
0.05002985608685597,0.5169594137491489,1
0.15867959964604675,0.4405669584843003,1
-0.3191430183085669,-0.4212204098062679,1
-0.7389423118034663,-0.5658067726861427,0
0.2786447730980592,-0.8897386208149904,0
0.4131036500454022,-0.3656358233571884,1
-1.0812318280873081,-0.27257515201935506,0
0.6479694007524779,0.7084849874348739,0
1.0139245057616297,0.050333646016453605,0
-0.4549885926745595,0.041414944061494374,1
0.8659840576010629,0.19424604542603663,0
0.909214836669614,-0.5131013269831087,0
0.3308740182567997,0.41553324108411,1
0.2584356220409249,0.5423513393253709,1
0.5985049669098093,-0.8399718243452189,0
0.15024571629113426,-0.46033039985921087,1
0.9321087051794203,0.5805270354170582,0
0.05927522826746419,-0.46927549427281356,1
-0.37183850757455633,0.38196639094081375,1
-0.6331044219305082,-0.7358651512677201,0
-1.0019401336122422,-0.17241555189213423,0
0.3675996857524993,-0.40962651982988435,1
0.4240552127318173,0.27355208736974723,1
0.4281516403774758,0.11208992709184432,1
-0.9929681447367066,0.10157871026834309,0
-0.33529112154905066,0.33056383175390947,1
-0.5261324167650966,-0.21580124641073017,1
-1.0316612495579078,-0.1526620772073531,0
-0.39657328640719763,0.3807464740459899,1
0.4256008643882813,-0.2660164217350249,1
-0.3626432057047694,-0.2930247920079311,1
0.07376739617936058,1.088354552951774,0
0.8235709499460111,0.6412300147182179,0
0.384496419080468,0.2317963427693598,1
-0.3761468081952686,-0.32398178277355194,1
-0.521643103249785,0.2846239369375816,1
-0.13670072125281216,1.0432710992656298,0
-0.29372561880375214,0.3193586087486226,1
-0.027192910937135637,-0.4398284249643721,1
-0.4768417826995098,-0.2648684979203497,1
-0.38078327678759855,-0.8985952935256828,0
-0.6154371027017449,0.6804791342711342,0
0.3179991156066144,-0.4234725014763584,1
0.5150305307943289,1.0474047607338492,0
-0.5947884054145095,-0.7516885890253986,0
-0.3103701799649075,0.24662556528210652,1
-0.46122046347857454,-0.24169400764358434,1
0.513835003437425,0.048277010183178086,1
-0.4381300959934162,-0.08131233691618456,1
-0.7052822109447012,-0.5936157988772965,0
-0.3872296389964871,0.35836869740478217,1
-0.07152600761440144,-0.9097221090622223,0
-0.11727653398700082,-1.0318556027015868,0
0.38810479694438443,-0.24302698722863844,1
0.9310552665559997,-0.4555012745685511,0
0.8709591566019202,0.2591469443458187,0
0.43582287853332063,0.21751628865871464,1
-0.5103192846943978,-0.08738876507923839,1
0.8766669164762907,-0.44559325724903176,0
-0.9876386563513344,-0.4091877942172472,0
-0.11260902624571759,-1.0040714226160294,0
-0.3488270204960588,0.22336627470029263,1
-0.011404665296407162,-0.579605296868053,1
-0.9864430365722119,0.17111035549617948,0
-0.4489481158005635,0.3120372116645799,1
0.24814317790341336,-1.0492406480844136,0
0.09899478859180622,1.020386151328739,0
-0.510827349922983,0.07977849683327555,1
0.5327167698659608,-0.7703016037260361,0
0.11684051107399608,-0.9378354153998449,0
0.8554330312468398,0.7235453965017512,0
0.38675364366853315,-0.940519287968151,0
-0.0011063396027131932,-0.4117818145204823,1
-0.47990080062451024,0.8691728775576127,0
-0.41020220843421856,-0.23160949344264423,1
0.39315910539483134,0.29095936792370447,1
0.40202191042578433,1.0362668027004915,0
-1.1451114683295966,-0.09799321907247728,0
-0.9288761721364658,0.27715130149556183,0
-0.378740786093171,-0.9672467323496986,0
0.5633412868627485,-0.8787329840771199,0
-0.7491052572556766,-0.6458762622709167,0
-0.39505192188924104,-0.7371265290002716,0
0.3937309908214446,0.2592873748349845,1
0.7707173068132879,-0.2949522545021389,0
0.22574315580592058,0.46038983976937936,1
-0.5766281700010876,0.7527856615845515,0
0.903276635164657,0.11291001268659731,0
-0.1608092267529885,-0.8740842817423607,0
-0.005540460919880594,1.079716455759328,0
-0.34323511499226095,-1.0213783149540776,0
1.058912313402931,-0.43636729467988744,0
0.7727243211054939,0.727162732797917,0
0.4301056408497853,0.2317328382287469,1
1.094477204386378,-0.22445521419583567,0
-1.0339030645321985,-0.10593721555900534,0
-0.7949213180522237,0.6522825700310033,0
-0.3304885212616858,-0.22469796844820142,1
0.9081570946542475,-0.5478028483775632,0
-1.1679723349181395,0.24873680327512362,0
-0.3815712528576732,-0.32853615276351855,1
-0.36765954998444933,0.3022307325819469,1
0.08644034046071325,1.0021046638999085,0
0.3460639016828641,0.35884433849942027,1
-0.1686120034085195,0.40807099850889583,1
0.8569789568376485,-0.20785212776183046,0
0.5654227117437396,-0.8547901991979449,0
0.2399584290065055,-0.37173084111545446,1
-0.5304268433866066,0.17028367019629445,1
0.28573285009157057,0.4618316882039764,1
0.07929825641547544,-0.5114563547789749,1
-0.1517879156912883,0.435797155514375,1
0.5617633303446493,-0.029740759839799014,1
-1.0237009368848589,0.19346039727485348,0
-0.17557935938733055,0.9704636492730556,0
-0.45992405012886084,0.251084429108957,1
0.08351257734371464,-0.8979726263736115,0
-0.800385942001837,-0.6416715386982318,0
-0.5078156095451629,0.259872305667746,1
0.5302950309684387,-0.16416689989673278,1
0.49541619629379474,-0.9559142144784555,0
0.2657030713868849,-0.37677237839531824,1
0.846776102861875,0.7031988237945721,0
-0.021663857986073422,0.5339238366731164,1
0.10198729880684784,0.44879540153663994,1
0.36827335514862086,0.9512498138243928,0
-0.5173195834345617,0.2119469167864989,1
0.9820832130774874,-0.14334154510059374,0
-0.5584229631778184,0.09317728143962282,1
0.7752559667692748,0.6235448563358201,0
0.8894384370387379,-0.5580583640757213,0
0.4106474749668759,0.20247057218392442,1
-0.07778627726683622,-0.4712171480335408,1
0.39851921797327156,0.45017025730422605,1
-0.39629081844397157,-0.2539704061644087,1
-0.6078118394497297,0.6301449658935709,0
-0.49752649305334495,-0.024513768499639314,1
-0.8885384830659127,-0.31925682205291306,0
0.9245300536979141,-0.0926068027159733,0
0.5042602985728464,0.19271116331356203,1
0.1553757007956012,-0.8522726067530988,0
0.3030277634237276,0.3363420816761025,1
-0.4576086397103281,-0.9123955363428268,0
0.7270732274606181,-0.6642875936601793,0
-0.39239608873588117,-1.0351116109867473,0
0.7056736435643419,-0.5598304184677789,0
-0.10391528757871632,0.4837791493379138,1
-0.4726018568108118,0.2432434864124124,1
0.5933152468679401,-0.9267284311084624,0
-0.5684430835367353,-0.7903720471435656,0
-0.44099182907027396,0.8534119143974978,0
-0.8851978014186064,-0.48977528777052903,0
0.19981648839224775,0.46404422095354664,1
0.08059531686043724,0.4834961265578015,1
-0.10929535756494736,1.0916291723062999,0
0.5644301106990744,0.05566108879794919,1
0.4197415523022842,0.22955168233480105,1
0.8268321853661651,0.5159650737624787,0
-0.6190252954077327,0.882311665702275,0
0.5044987607448754,0.20132112483567746,1
0.32139483672608266,-0.8434654716359152,0
-0.23970830727525436,0.4472580514102745,1
-0.3773140446358367,0.33979145903064056,1
-0.25921745613499725,-0.3886568002234306,1
-0.33432375045168305,0.8859823456755974,0
-0.04388830700433958,0.46876525943610536,1
-0.13241078384043242,-0.968015939004103,0
0.40656173578527366,0.4182540030758542,1
0.6075652660755939,0.8660330610870924,0
-0.011271570127089929,-0.5711387615492195,1
-0.5655494336639613,-0.8757803483633604,0
0.5372544695341936,0.8258059083516034,0
-0.2355209214051721,0.4920271105525438,1
-0.5826425420150886,0.08222339259362538,1
0.031907687582513056,-0.9827710706766282,0
-0.501496566083083,0.22446424136133908,1
0.31286417064537636,-0.3978052851569883,1
-0.8066185854032899,-0.5050085525152763,0
0.4144883677094264,0.9003107191852093,0
-0.2540138307348184,-0.4765919002017013,1
-0.9351726423368817,-0.34519637539426157,0
0.23058942340027724,0.45739626966424224,1
0.4134642097029511,-0.30417886907559955,1
-0.915391919819882,-0.09261953749557388,0
-0.06596347367803683,0.50328133621751,1
-0.3311349073885776,-0.34280191932471826,1
-0.21257746148842616,0.42858413310547755,1
-0.36836497612531044,0.32694220736787155,1
0.7200087624163651,0.6390970804411691,0
0.588280028603085,-0.1323681650014632,1
0.18370567043083116,-0.4271972521106959,1
0.4783442465235111,-0.8970527478417805,0
-0.48297741760963514,-0.03866757657854369,1
0.9839103813071766,0.47830637750967925,0
0.2096409744819663,0.8910534884559711,0
0.34362301466298667,-0.7922882470501734,0
0.4775226644281471,0.00954566653808833,1
0.26644627424036643,-0.3129954920474066,1
-0.9242955382046503,-0.503637486145017,0
-0.07900547065315484,1.0329343377655462,0
-0.8676472746401558,0.46276742001334636,0
-0.4041284809013272,-0.9947000875362325,0
-0.513761998892381,-0.031404563200982595,1
0.9962493680731122,0.027915535307650303,0
-0.48695245089073974,0.2690481404839682,1
-0.26657685927243135,-0.45381419849728305,1
-1.0834111444328325,0.11765350402600576,0
-0.27510441197964114,0.8026212736173046,0
0.33839594311892646,0.4790844998441356,1
0.47342528270000384,0.11350523743194461,1
0.4415238101040159,-0.3573430275304764,1
0.18582094821730524,-1.0079018159182729,0
0.48995178610884205,-0.19852721578737714,1
-0.8556592522205534,0.6555213340153254,0
0.8396263669683371,-0.5266869147058717,0
0.0684718277982198,0.6042515325484239,1
0.01166113878385744,-0.4531155950846056,1
-0.2527000119780338,-0.48082536687836375,1
0.1095422134877005,0.46278899002177243,1
-0.03589990655053392,-0.5112777114781177,1
-0.702540991092865,-0.6679454699591696,0
-0.06637107788719775,0.5192682743556023,1
0.5048871023548277,-0.08621573474496315,1
0.44623454116070127,-0.21471235243017373,1
0.9690933838407167,-0.46068244738095726,0
0.3932426311300183,-0.3937824364499809,1
-0.1183239370987959,0.510504633994269,1
-0.7318705715876891,0.8387224540753202,0
-0.42882290934126654,0.8489797617716243,0
0.32057434471234664,1.014784814384526,0
0.34584547104015595,-0.28680451148785324,1
0.11977374518144045,-0.525772289475962,1
-0.2774366320588504,-0.38927157857313266,1
0.4114265544285058,0.9129441872296898,0
-0.5228017828970091,-0.1700383667060156,1
0.3767259912784425,-0.3400878301636087,1
0.697266686707619,0.5630507274989182,0
-0.9916253494776651,0.013286178566329385,0
0.03695155513571224,0.9743275210081659,0
0.5618470805821444,0.896095898941748,0
0.20578549724489897,1.1192116292138965,0
1.0387036261159432,-0.35827666903827377,0
-0.21948419980005757,0.44303800770282986,1
-0.3785228426923304,-0.97535406696823,0
-0.29142585432428764,-0.33970138659438925,1
-0.2794596484985415,-0.3683946459353689,1
0.34850440031723684,-0.3857970558870385,1
-0.3155463802565231,1.1793890514508654,0
0.41846301217891196,0.2830129929494262,1
0.5136919249387226,0.02698246818712215,1
-0.48344737105737423,0.8997529420399589,0
0.021885403836489792,-0.9113829787841263,0
-0.186813750837358,-0.4560873714766899,1
0.9676333893488804,-0.18966933692884858,0
0.036523822772394327,0.4868046986029273,1
0.12176793816174597,-0.5583406014364645,1
0.3665718721961968,0.8930695601620573,0
-0.25862498128251366,-0.49173150702415797,1
-0.6874664154179976,0.7952065845749661,0
0.8099703704060408,-0.6031167482821839,0
-0.7185654875492755,0.726898107809576,0
-0.35614607576361684,-0.3825306407495543,1
-0.40839770743186476,-1.0056877024172548,0
0.4874244288779385,-0.042598424690440784,1
-0.5185871058129424,0.22501370852646377,1
1.0165591422001672,-0.5585112180474943,0
-0.41784614928124897,0.1058727379459457,1
-0.8001401035018793,0.6780640555925045,0
-0.34308850226911974,-0.427424790693718,1
-0.34547755283029663,-0.3084525227627715,1
-0.9438492471231822,0.1580491104907663,0
0.07492883066640044,-1.0119075246614762,0
-0.394780524891851,0.27400267429300434,1
