feature_0,feature_1,class
0.0,0.0,0.5
0.0033333333333333335,-0.5440211108893698,0.5
0.006666666666666667,0.9129452507276277,0.5
0.01,-0.9880316240928618,0.5
0.013333333333333334,0.7451131604793488,0.5
0.016666666666666666,-0.26237485370392877,0.5
0.02,-0.3048106211022167,0.5
0.023333333333333334,0.7738906815578891,0.5
0.02666666666666667,-0.9938886539233752,0.5
0.03,0.8939966636005579,0.5
0.03333333333333333,-0.5063656411097588,0.5
0.03666666666666667,-0.044242678085070965,0.5
0.04,0.5806111842123143,0.5
0.043333333333333335,-0.9301059501867618,0.5
0.04666666666666667,0.9802396594403116,0.5
0.05,-0.7148764296291646,0.5
0.05333333333333334,0.21942525837900473,0.5
0.056666666666666664,0.3466494554970303,0.5
0.06,-0.8011526357338304,0.5
0.06333333333333334,0.9977992786806003,0.5
0.06666666666666667,-0.8732972972139946,0.5
0.07,0.46771851834275896,0.5
0.07333333333333333,0.08839871248753149,0.5
0.07666666666666666,-0.6160642040533645,0.5
0.08,0.9454451549211168,0.5
0.08333333333333333,-0.9705280195418053,0.5
0.08666666666666667,0.6832397038158508,0.5
0.09,-0.1760459464712114,0.5
0.09333333333333334,-0.3878094208292295,0.5
0.09666666666666666,0.8268456339220814,0.5
0.1,-0.9997558399011495,0.5
0.10333333333333333,0.8508876886558596,0.5
0.10666666666666667,-0.42815542808445156,0.5
0.11,-0.13238162920545193,0.5
0.11333333333333333,0.6503107401625525,0.5
0.11666666666666667,-0.9589328250406132,0.5
0.12,0.9589157234143065,0.5
0.12333333333333334,-0.6502649395607762,0.5
0.12666666666666668,0.13232187086982847,0.5
0.13,0.42820991051876856,0.5
0.13333333333333333,-0.8509193596391765,0.5
0.13666666666666666,0.9997545059076306,0.5
0.14,-0.8268117243068012,0.5
0.14333333333333334,0.38775384963726117,0.5
0.14666666666666667,0.176105293265966,0.5
0.15,-0.6832837250355236,0.5
0.15333333333333332,0.970542546651256,0.5
0.15666666666666668,-0.9454255122693237,0.5
0.16,0.6160167137641636,0.5
0.16333333333333333,-0.08833865964017233,0.5
0.16666666666666666,-0.46777180532247614,0.5
0.17,0.8733266675417377,0.5
0.17333333333333334,-0.9977952793125009,0.5
0.17666666666666667,0.8011165538942744,0.5
0.18,-0.34659290437655327,0.5
0.18333333333333332,-0.219484077409708,0.5
0.18666666666666668,0.7149185852567496,0.5
0.19,-0.9802515835834019,0.5
0.19333333333333333,0.9300838049771285,0.5
0.19666666666666666,-0.5805620972394064,0.5
0.2,0.044182448331873195,0.5
0.20333333333333334,0.506417628279074,0.5
0.20666666666666667,-0.8940236757546595,0.5
0.21,0.9938819970129513,0.5
0.21333333333333335,-0.773852498155771,0.5
0.21666666666666667,0.3047532008014393,0.5
0.22,0.2624330297809573,0.5
0.22333333333333333,-0.7451533679583873,0.5
0.22666666666666666,0.9880409219176677,0.5
0.23,-0.912920646328743,0.5
0.23333333333333334,0.5439705233633756,0.5
0.23666666666666666,6.0288706691585265e-05,0.5
0.24,-0.5440716964379951,0.5
0.24333333333333335,0.9129698518082046,0.5
0.24666666666666667,-0.9880223226768295,0.5
0.25,0.7450729502920265,0.5
0.25333333333333335,-0.26231667667323905,0.5
0.25666666666666665,-0.30486804029509035,0.5
0.26,0.773928862147125,0.5
0.2633333333333333,-0.9938953072212839,0.5
0.26666666666666666,0.8939696481970214,0.5
0.27,-0.5063136520999421,0.5
0.2733333333333333,-0.044302907677458626,0.5
0.27666666666666667,0.5806602690748583,0.5
0.28,-0.9301280920157128,0.5
0.2833333333333333,0.9802277317343164,0.5
0.2866666666666667,-0.7148342714031982,0.5
0.29,0.21936643855075033,0.5
0.29333333333333333,0.3467060053575308,0.5
0.2966666666666667,-0.8011887146614145,0.5
0.3,0.9978032744219705,0.5
0.30333333333333334,-0.8732679237120532,0.5
0.30666666666666664,0.46766522966301216,0.5
0.31,0.08845876501358538,0.5
0.31333333333333335,-0.6161116921033395,0.5
0.31666666666666665,0.9454647941364738,0.5
0.32,-0.9705134889047492,0.5
0.3233333333333333,0.6831956801127874,0.5
0.32666666666666666,-0.17598659903657765,0.5
0.33,-0.38786499061161595,0.5
0.3333333333333333,0.8268795405320025,0.5
0.33666666666666667,-0.9997571702608278,0.5
0.34,0.8508560145797973,0.5
0.3433333333333333,-0.428100944093906,0.5
0.3466666666666667,-0.13244138705990416,0.5
0.35,0.6503565384006261,0.5
0.35333333333333333,-0.9589499231814597,0.5
0.3566666666666667,0.9588986183026019,0.5
0.36,-0.6502191365954637,0.5
0.36333333333333334,0.13226211205325097,0.5
0.36666666666666664,0.4282643913966589,0.5
0.37,-0.8509510275296328,0.5
0.37333333333333335,0.9997531682802758,0.5
0.37666666666666665,-0.8267778116862851,0.5
0.38,0.3876982770359131,0.5
0.38333333333333336,0.1761646394206257,0.5
0.38666666666666666,-0.6833277437716457,0.5
0.39,0.9705570702330484,0.5
0.3933333333333333,-0.9454058661811658,0.5
0.39666666666666667,0.6159692212359092,0.5
0.4,-0.08827860647172615,0.5
0.4033333333333333,-0.4678250906019699,0.5
0.4066666666666667,0.8733560346951758,0.5
0.41,-0.9977912763176868,0.5
0.41333333333333333,0.8010804691428774,0.5
0.4166666666666667,-0.3465363519963052,0.5
0.42,-0.21954289564264626,0.5
0.42333333333333334,0.7149607382857996,0.5
0.4266666666666667,-0.9802635041635444,0.5
0.43,0.9300616563868934,0.5
0.43333333333333335,-0.5805130081563131,0.5
0.43666666666666665,0.04412221841808424,0.5
0.44,0.5064696136076988,0.5
0.44333333333333336,-0.8940506846592281,0.5
0.44666666666666666,0.9938753364900367,0.5
0.45,-0.7738143119409093,0.5
0.4533333333333333,0.3046957793929669,0.5
0.45666666666666667,0.262491204904113,0.5
0.46,-0.7451935727289959,0.5
0.4633333333333333,0.9880502161512134,0.5
0.4666666666666667,-0.9128960386116399,0.5
0.47,0.5439199338601964,0.5
0.47333333333333333,0.00012057741316403747,0.5
0.4766666666666667,-0.5441222800090677,0.5
0.48,0.9129944495703841,0.5
0.48333333333333334,-0.9880130176696048,0.5
0.4866666666666667,0.7450327373965665,0.5
0.49,-0.2622584986890995,0.5
0.49333333333333335,-0.3049254583798515,0.5
0.49666666666666665,0.7739670399233398,0.5
0.5,-0.9939019569066535,0.5
0.5033333333333333,0.8939426295441483,0.5
0.5066666666666667,-0.5062616612498129,0.5
0.51,-0.044363137108817265,0.5
0.5133333333333333,0.5807093518268601,0.5
0.5166666666666667,-0.930150230463901,0.5
0.52,0.98021580046546,0.5
0.5233333333333333,-0.7147921105790036,0.5
0.5266666666666666,0.21930761792515854,0.5
0.53,0.3467625539578492,0.5
0.5333333333333333,-0.8012247906768953,0.5
0.5366666666666666,0.997807266536597,0.5
0.54,-0.8732385470360203,0.5
0.5433333333333333,0.4676119392834293,0.5
0.5466666666666666,0.08851881721811569,0.5
0.55,-0.6161591779139161,0.5
0.5533333333333333,0.9454844299153231,0.5
0.5566666666666666,-0.9704989547401403,0.5
0.56,0.6831516539264935,0.5
0.5633333333333334,-0.17592725096228046,0.5
0.5666666666666667,-0.38792055898421857,0.5
0.57,0.8269134441364414,0.5
0.5733333333333334,-0.9997584969866604,0.5
0.5766666666666667,0.8508243374111047,0.5
0.58,-0.42804645854732987,0.5
0.5833333333333334,-0.13250114443296795,0.5
0.5866666666666667,0.6504023342748304,0.5
0.59,-0.958967017836784,0.5
0.5933333333333334,0.9588815097055614,0.5
0.5966666666666667,-0.6501733312667813,0.5
0.6,0.13220235275593667,0.5
0.6033333333333334,0.4283188707179246,0.5
0.6066666666666667,-0.8509826923271134,0.5
0.61,0.99975182701909,0.5
0.6133333333333333,-0.8267438960606563,0.5
0.6166666666666667,0.3876427030253871,0.5
0.62,0.17622398493497488,0.5
0.6233333333333333,-0.6833717600240573,0.5
0.6266666666666667,0.9705715902871297,0.5
0.63,-0.9453862166567147,0.5
0.6333333333333333,0.6159217264687744,0.5
0.6366666666666667,-0.08821855298241123,0.5
0.64,-0.4678783741810467,0.5
0.6433333333333333,0.8733853986742021,0.5
0.6466666666666666,-0.9977872696961728,0.5
0.65,0.8010443814797708,0.5
0.6533333333333333,-0.34647979835649173,0.5
0.6566666666666666,-0.21960171307760581,0.5
0.66,0.7150028887161619,0.5
0.6633333333333333,-0.9802754211806953,0.5
0.6666666666666666,0.930039504416137,0.5
0.67,-0.580463916963213,0.5
0.6733333333333333,0.04406198834392301,0.5
0.6766666666666666,0.5065215970954443,0.5
0.68,-0.8940776903141655,0.5
0.6833333333333333,0.9938686723546553,0.5
0.6866666666666666,-0.7737761229134431,0.5
0.69,0.30463835687700813,0.5
0.6933333333333334,0.2625493790731846,0.5
0.6966666666666667,-0.7452337747910284,0.5
0.7,0.9880595067934651,0.5
0.7033333333333334,-0.9128714275764079,0.5
0.7066666666666667,0.5438693423800163,0.5
0.71,0.00018086611919822357,0.5
0.7133333333333334,-0.5441728616024037,0.5
0.7166666666666667,0.9130190440140772,0.5
0.72,-0.9880037090712214,0.5
0.7233333333333334,0.7449925217931151,0.5
0.7266666666666667,-0.2622003197517216,0.5
0.73,-0.30498287535629154,0.5
0.7333333333333333,0.774005214886395,0.5
0.7366666666666667,-0.9939086029794595,0.5
0.74,0.8939156076420367,0.5
0.7433333333333333,-0.5062096685595602,0.5
0.7466666666666667,-0.04442336637892796,0.5
0.75,0.5807584324681413,0.5
0.7533333333333333,-0.930172365531246,0.5
0.7566666666666667,0.9802038656337856,0.5
0.76,-0.714749947156734,0.5
0.7633333333333333,0.2192487965024432,0.5
0.7666666666666667,0.34681910129778004,0.5
0.77,-0.8012608637801419,0.5
0.7733333333333333,0.9978112550244654,0.5
0.7766666666666666,-0.8732091671860026,0.5
0.78,0.46755864720420426,0.5
0.7833333333333333,0.08857886910090416,0.5
0.7866666666666666,-0.6162066614849214,0.5
0.79,0.9455040622575938,0.5
0.7933333333333333,-0.9704844170480315,0.5
0.7966666666666666,0.683107625257129,0.5
0.8,-0.17586790224853552,0.5
0.8033333333333333,-0.38797612594683545,0.5
0.8066666666666666,0.8269473447352745,0.5
0.81,-0.9997598200786427,0.5
0.8133333333333334,0.8507926571498969,0.5
0.8166666666666667,-0.4279919714449212,0.5
0.82,-0.1325609013244261,0.5
0.8233333333333334,0.650448127784999,0.5
0.8266666666666667,-0.9589841090065238,0.5
0.83,0.9588643976232474,0.5
0.8333333333333334,-0.6501275235748956,0.5
0.8366666666666667,0.13214259297810274,0.5
0.84,0.4283733484823677,0.5
0.8433333333333334,-0.8510143540315033,0.5
0.8466666666666667,0.9997504821240781,0.5
0.85,-0.8267099774300383,0.5
0.8533333333333334,0.3875871276058853,0.5
0.8566666666666667,0.17628332980879774,0.5
0.86,-0.6834157737925983,0.5
0.8633333333333333,0.970586106813447,0.5
0.8666666666666667,-0.9453665636960418,0.5
0.87,0.6158742294629314,0.5
0.8733333333333333,-0.08815849917244585,0.5
0.8766666666666667,-0.46793165605951276,0.5
0.88,0.87341475947871,0.5
0.8833333333333333,-0.9977832594479733,0.5
0.8866666666666667,0.8010082909050854,0.5
0.89,-0.3464232434573184,0.5
0.8933333333333333,-0.21966052971437283,0.5
0.8966666666666666,0.715045036547683,0.5
0.9,-0.9802873346348117,0.5
0.9033333333333333,0.9300173490649398,0.5
0.9066666666666666,-0.5804148236602842,0.5
0.91,0.04400175810960843,0.5
0.9133333333333333,0.5065735787421215,0.5
0.9166666666666666,-0.8941046927193735,0.5
0.92,0.9938620046068314,0.5
0.9233333333333333,-0.773737931073511,0.5
0.9266666666666666,0.3045809332537718,0.5
0.93,0.2626075522879605,0.5
0.9333333333333333,-0.7452739741443387,0.5
0.9366666666666666,0.9880687938443891,0.5
0.94,-0.9128468132231364,0.5
0.9433333333333334,0.5438187489230187,0.5
0.9466666666666667,0.00024115482457501047,0.5
0.95,-0.5442234412178194,0.5
0.9533333333333334,0.9130436351391941,0.5
0.9566666666666667,-0.9879943968817129,0.5
0.96,0.7449523034818184,0.5
0.9633333333333334,-0.2621421398613168,0.5
0.9666666666666667,-0.30504029122420173,0.5
0.97,0.7740433870361515,0.5
0.9733333333333334,-0.993915245439678,0.5
0.9766666666666667,0.893888582490785,0.5
0.98,-0.506157674029373,0.5
0.9833333333333333,-0.04448359548757179,0.5
0.9866666666666667,0.5808075109985235,0.5
0.99,-0.9301944972176673,0.5
0.9933333333333333,0.9801919272393366,0.5
0.9966666666666667,-0.7147077811365425,0.5
1.0,0.21918997428281808,0.5
1.0033333333333334,0.3468756473771177,0.5
1.0066666666666666,-0.8012969339710231,0.5
1.01,0.9978152398855612,0.5
1.0133333333333334,-0.8731797841621071,0.5
1.0166666666666666,0.46750535342553057,0.5
1.02,0.08863892066173254,0.5
1.0233333333333334,-0.6162541428161832,0.5
1.0266666666666666,0.945523691163214,0.5
1.03,-0.9704698758284757,0.5
1.0333333333333334,0.683063594104854,0.5
1.0366666666666666,-0.17580855289555858,0.5
1.04,-0.3880316914992646,0.5
1.0433333333333332,0.826981242328379,0.5
1.0466666666666666,-0.9997611395367699,0.5
1.05,0.8507609737962891,0.5
1.0533333333333332,-0.4279374827868781,0.5
1.0566666666666666,-0.1326206577340614,0.5
1.06,0.6504939189309655,0.5
1.0633333333333332,-0.959001196690617,0.5
1.0666666666666667,0.9588472820557219,0.5
1.07,-0.6500817135199731,0.5
1.0733333333333333,0.1320828327199664,0.5
1.0766666666666667,0.4284278246897901,0.5
1.08,-0.8510460126426874,0.5
1.0833333333333333,0.9997491335952451,0.5
1.0866666666666667,-0.8266760557945543,0.5
1.09,0.38753155077760965,0.5
1.0933333333333333,0.17634267404187864,0.5
1.0966666666666667,-0.6834597850771087,0.5
1.1,0.9706006198119478,0.5
1.1033333333333333,-0.9453469072992182,0.5
1.1066666666666667,0.615826730218553,0.5
0.0,-0.5316839231652467,0.6
0.0033333333333333335,-0.04645481198932452,0.6
0.006666666666666667,0.60964174342293,0.6
0.01,-0.9766112476961,0.6
0.013333333333333334,1.0292516424123273,0.6
0.016666666666666666,-0.7506202511106229,0.6
0.02,0.230396521297955,0.6
0.023333333333333334,0.3639819282718818,0.6
0.02666666666666667,-0.841210267520522,0.6
0.03,1.0476892426146303,0.6
0.03333333333333333,-0.9169621620746944,0.6
0.03666666666666667,0.4911044442598969,0.6
0.04,0.09281864811190807,0.6
0.043333333333333335,-0.6468674142560328,0.6
0.04666666666666667,0.9927174126671727,0.6
0.05,-1.0190544205188956,0.6
0.05333333333333334,0.7174016890066434,0.6
0.056666666666666664,-0.184848243794772,0.6
0.06,-0.40719989187069094,0.6
0.06333333333333334,0.8681879156181855,0.6
0.06666666666666667,-1.049743631896207,0.6
0.07,0.8934320730886527,0.6
0.07333333333333333,-0.4495631994886742,0.6
0.07666666666666666,-0.13900071066572453,0.6
0.08,0.6828262771706802,0.6
0.08333333333333333,-1.006879466292644,0.6
0.08666666666666667,1.006861509585022,0.6
0.09,-0.6827781865388151,0.6
0.09333333333333334,0.1389379644133199,0.6
0.09666666666666666,0.449620406044707,0.6
0.1,-0.8934653276211354,0.6
0.10333333333333333,1.0497422312030122,0.6
0.10666666666666667,-0.8681523105221413,0.6
0.11,0.40714154211912423,0.6
0.11333333333333333,0.1849105579292643,0.6
0.11666666666666667,-0.7174479112872998,0.6
0.12,1.019069673983819,0.6
0.12333333333333334,-0.9926967878827899,0.6
0.12666666666666668,0.6468175494523718,0.6
0.13,-0.09275559262218096,0.6
0.13333333333333333,-0.4911603955886,0.6
0.13666666666666666,0.9169930009188246,0.6
0.14,-1.047685043278126,0.6
0.14333333333333334,0.8411723815889881,0.6
0.14666666666666667,-0.36392254959538095,0.6
0.15,-0.2304582812801934,0.6
0.15333333333333332,0.750664514519587,0.6
0.15666666666666668,-1.029264162762572,0.6
0.16,0.9765879952259849,0.6
0.16333333333333333,-0.6095902021013768,0.6
0.16666666666666666,0.04639157074846686,0.6
0.17,0.5317385096930277,0.6
0.17333333333333334,-0.9387248595423925,0.6
0.17666666666666667,1.043576096863599,0.6
0.18,-0.8125451230635595,0.6
0.18333333333333332,0.3199908608415113,0.6
0.18666666666666668,0.27555468127000515,0.6
0.19,-0.7824110363563067,0.6
0.19333333333333333,1.037442968013551,0.6
0.19666666666666666,-0.9585666786451802,0.6
0.2,0.5711690495315443,0.6
0.20333333333333334,6.330314202616452e-05,0.6
0.20666666666666667,-0.5712752812598949,0.6
0.21,0.9586183443986148,0.6
0.21333333333333335,-1.0374234388106711,0.6
0.21666666666666667,0.7823265978066278,0.6
0.22,-0.275432510506901,0.6
0.22333333333333333,-0.3201114423098449,0.6
0.22666666666666666,0.8126253052544813,0.6
0.23,-1.0435900725823481,0.6
0.23333333333333334,0.9386681306068725,0.6
0.23666666666666666,-0.5316293347049392,0.6
0.24,-0.04651805306133156,0.6
0.24333333333333335,0.6096932825286013,0.6
0.24666666666666667,-0.9766344966164985,0.6
0.25,1.0292391183210323,0.6
0.25333333333333335,-0.7505759849733582,0.6
0.25666666666666665,0.23033476047828785,0.6
0.26,0.3640413056254074,0.6
0.2633333333333333,-0.8412481503944853,0.6
0.26666666666666666,1.0476934381430691,0.6
0.27,-0.9169313198976559,0.6
0.2733333333333333,0.4910484911461628,0.6
0.27666666666666667,0.09288170326426465,0.6
0.28,-0.6469172767085065,0.6
0.2833333333333333,0.9927380338432975,0.6
0.2866666666666667,-1.0190391633499867,0.6
0.29,0.7173554641184268,0.6
0.29333333333333333,-0.18478592898840654,0.6
0.2966666666666667,-0.40725824014219675,0.6
0.3,0.8682235175586027,0.6
0.30333333333333334,-1.0497450287738692,0.6
0.30666666666666664,0.8933988153087872,0.6
0.31,-0.4495059912986013,0.6
0.31333333333333335,-0.13906345641289938,0.6
0.31666666666666665,0.6828743653206575,0.6
0.32,-1.0068974193405327,0.6
0.3233333333333333,1.0068435492177321,0.6
0.32666666666666666,-0.6827300934252369,0.6
0.33,0.13887521765591354,0.6
0.3333333333333333,0.44967761096649184,0.6
0.33666666666666667,-0.8934985789061145,0.6
0.34,1.0497408266942896,0.6
0.3433333333333333,-0.8681167022705993,0.6
0.3466666666666667,0.4070831908877088,0.6
0.35,0.184972871391657,0.6
0.35333333333333333,-0.7174941309602281,0.6
0.3566666666666667,1.0190849237447008,0.6
0.36,-0.9926761594902241,0.6
0.36333333333333334,0.6467676822977048,0.6
0.36666666666666664,-0.09269253679531246,0.6
0.37,-0.4912163451320684,0.6
0.37333333333333335,0.9170238364299346,0.6
0.37666666666666665,-1.047680840133571,0.6
0.38,0.8411344926000214,0.6
0.38333333333333336,-0.36386316959612053,0.6
0.38666666666666666,-0.23052004042477858,0.6
0.39,0.7507087752000896,0.6
0.3933333333333333,-1.0292766793717216,0.6
0.39666666666666667,0.9765647392062381,0.6
0.4,-0.6095386585641288,0.6
0.4033333333333333,0.04632832933898845,0.6
0.4066666666666667,0.5317930942880837,0.6
0.41,-0.9387532188921895,0.6
0.41333333333333333,1.0435691033145384,0.6
0.4166666666666667,-0.8125050275379548,0.6
0.42,0.31993056836261524,0.6
0.42333333333333334,0.2756157651493186,0.6
0.4266666666666667,-0.7824532513654457,0.6
0.43,1.037452726958774,0.6
0.43333333333333335,-0.958540840542222,0.6
0.43666666666666665,0.5711159305532063,0.6
0.44,0.00012660628382223934,0.6
0.44333333333333336,-0.5713283940095211,0.6
0.44666666666666666,0.9586441720489034,0.6
0.45,-1.037413668553085,0.6
0.4533333333333333,0.7822843742663949,0.6
0.45666666666666667,-0.2753714236235545,0.6
0.46,-0.32017173129884413,0.6
0.4633333333333333,0.8126653919195068,0.6
0.4666666666666667,-1.0435970547519862,0.6
0.47,0.9386397610213557,0.6
0.47333333333333333,-0.5315747443123036,0.6
0.4766666666666667,-0.04658129396425813,0.6
0.48,0.6097448194182031,0.6
0.48333333333333334,-0.9766577419870961,0.6
0.4866666666666667,1.029226590488733,0.6
0.49,-0.7505317161079538,0.6
0.49333333333333335,0.23027299882141647,0.6
0.49666666666666665,0.3641006816557417,0.6
0.5,-0.8412860302107401,0.6
0.5033333333333333,1.0476976298634268,0.6
0.5066666666666667,-0.9169004743878214,0.6
0.51,0.4909925362476008,0.6
0.5133333333333333,0.09294475807902149,0.6
0.5166666666666667,-0.6469671368096119,0.6
0.52,0.9927586514110893,0.6
0.5233333333333333,-1.0190239024771472,0.6
0.5266666666666666,0.7173092366228182,0.6
0.53,-0.18472361351039449,0.6
0.5333333333333333,-0.40731658693342954,0.6
0.5366666666666666,0.8682591163432635,0.6
0.54,-1.0497464218359935,0.6
0.5433333333333333,0.89336555428166,0.6
0.5466666666666666,-0.44944878147469636,0.6
0.55,-0.13912620165461637,0.6
0.5533333333333333,0.682922450988572,0.6
0.5566666666666666,-1.0069153687286232,0.6
0.56,1.0068255851908394,0.6
0.5633333333333334,-0.6826819978301204,0.6
0.5666666666666667,0.1388124703937335,0.6
0.57,0.4497348142538209,0.6
0.5733333333333334,-0.8935318269434691,0.6
0.5766666666666667,1.0497394183700446,0.6
0.58,-0.8680810908636892,0.6
0.5833333333333334,0.40702483817665647,0.6
0.5866666666666667,0.18503518418172363,0.6
0.59,-0.7175403480252602,0.6
0.5933333333333334,1.0191001698014863,0.6
0.5966666666666667,-0.9926555274895505,0.6
0.6,0.6467178127922132,0.6
0.6033333333333334,-0.0926294806315318,0.6
0.6066666666666667,-0.49127229289009905,0.6
0.61,0.9170546686079122,0.6
0.6133333333333333,-1.0476766331809815,0.6
0.6166666666666667,0.8410966005537593,0.6
0.62,-0.3638037882743163,0.6
0.6233333333333333,-0.23058179873148613,0.6
0.6266666666666667,0.7507530331519701,0.6
0.63,-1.02928919223973,0.6
0.6333333333333333,0.9765414796369439,0.6
0.6366666666666667,-0.6094871128113737,0.6
0.64,0.046265087761119164,0.6
0.6433333333333333,0.5318476769502165,0.6
0.6466666666666666,-0.9387815748298738,0.6
0.65,1.043562105972388,0.6
0.6533333333333333,-0.8124649290591153,0.6
0.6566666666666666,0.31987027472085855,0.6
0.66,0.27567684802684383,0.6
0.6633333333333333,-0.7824954635305799,0.6
0.6666666666666666,1.0374624821331384,0.6
0.67,-0.9585149989552284,0.6
0.6733333333333333,0.5710628094990171,0.6
0.6766666666666666,0.00018990942515813476,0.6
0.68,-0.5713815046825239,0.6
0.6833333333333333,0.9586699962147811,0.6
0.6866666666666666,-1.0374038945247825,0.6
0.69,0.7822421478827709,0.6
0.6933333333333334,-0.2753103357393077,0.6
0.6966666666666667,-0.32023201912410615,0.6
0.7,0.8127054756307147,0.6
0.7033333333333334,-1.0436040331284324,0.6
0.7066666666666667,0.9386113880241386,0.6
0.71,-0.5315201519875382,0.6
0.7133333333333334,-0.04664453469787436,0.6
0.7166666666666667,0.6097963540915484,0.6
0.72,-0.9766809838078084,0.6
0.7233333333333334,1.029214058915475,0.6
0.7266666666666667,-0.7504874445145707,0.6
0.73,0.23021123632756538,0.6
0.7333333333333333,0.36416005636266907,0.6
0.7366666666666667,-0.841323906969149,0.6
0.74,1.0477018177756887,0.6
0.7433333333333333,-0.9168696255453028,0.6
0.7466666666666667,0.4909365795644145,0.6
0.75,0.09300781255594938,0.6
0.7533333333333333,-0.6470169945591675,0.6
0.7566666666666667,0.9927792653704735,0.6
0.76,-1.019008637900433,0.6
0.7633333333333333,0.7172630065199854,0.6
0.7666666666666667,-0.1846612973609623,0.6
0.77,-0.40737493224417726,0.6
0.7733333333333333,0.8682947119720383,0.6
0.7766666666666666,-1.0497478110825749,0.6
0.78,0.8933322900073918,0.6
0.7833333333333333,-0.4493915700171673,0.6
0.7866666666666666,-0.1391889463906474,0.6
0.79,0.682970534174249,0.6
0.7933333333333333,-1.00693331445685,0.6
0.7966666666666666,1.0068076175044098,0.6
0.8,-0.6826338997536404,0.6
0.8033333333333333,0.13874972262700788,0.6
0.8066666666666666,0.4497920159064861,0.6
0.81,-0.8935650717330784,0.6
0.8133333333333334,1.0497380062302821,0.6
0.8166666666666667,-0.8680454763015402,0.6
0.82,0.40696648398617963,0.6
0.8233333333333334,0.18509749629923763,0.6
0.8266666666666667,-0.7175865624822283,0.6
0.83,1.0191154121541195,0.6
0.8333333333333334,-0.9926348918808439,0.6
0.8366666666666667,0.6466679409360779,0.6
0.84,-0.09256642413106815,0.6
0.8433333333333334,-0.49132823886248844,0.6
0.8466666666666667,0.9170854974526454,0.6
0.85,-1.047672422420372,0.6
0.8533333333333334,0.8410587054503397,0.6
0.8566666666666667,-0.36374440563018434,0.6
0.86,-0.23064355620009147,0.6
0.8633333333333333,0.7507972883750672,0.6
0.8666666666666667,-1.0293017013665522,0.6
0.87,0.9765182165181868,0.6
0.8733333333333333,-0.6094355648432984,0.6
0.8766666666666667,0.04620184601508885,0.6
0.88,0.5319022576792276,0.6
0.8833333333333333,-0.9388099273553423,0.6
0.8866666666666667,1.043555104837173,0.6
0.89,-0.8124248276271866,0.6
0.8933333333333333,0.3198099799164604,0.6
0.8966666666666666,0.27573792990235857,0.6
0.9,-0.7825376728515557,0.6
0.9033333333333333,1.0374722335366084,0.6
0.9066666666666666,-0.9584891538842933,0.6
0.91,0.5710096863691697,0.6
0.9133333333333333,0.000253212565803761,0.6
0.9166666666666666,-0.5714346132787104,0.6
0.92,0.9586958168961538,0.6
0.9233333333333333,-1.0373941167257985,0.6
0.9266666666666666,0.7821999186559093,0.6
0.93,-0.2752492468543826,0.6
0.9333333333333333,-0.32029230578541185,0.6
0.9366666666666666,0.8127455563879591,0.6
0.94,-1.043611007711662,0.6
0.9433333333333334,0.9385830116153242,0.6
0.9466666666666667,-0.5314655577308416,0.6
0.95,-0.04670777526195038,0.6
0.9533333333333334,0.6098478865484497,0.6
0.9566666666666667,-0.9767042220785508,0.6
0.96,1.0292015236013035,0.6
0.9633333333333334,-0.7504431701933697,0.6
0.9666666666666667,0.230149472996959,0.6
0.97,0.3642194297459736,0.6
0.9733333333333334,-0.8413617806695742,0.6
0.9766666666666667,1.0477060018798392,0.6
0.98,-0.9168387733702125,0.6
0.9833333333333333,0.49088062109680713,0.6
0.9866666666666667,0.09307086669481918,0.6
0.99,-0.6470668499569924,0.6
0.9933333333333333,0.9927998757213747,0.6
0.9966666666666667,-1.0189933696198994,0.6
1.0,0.7172167738100966,0.6
1.0033333333333334,-0.18459898054033652,0.6
1.0066666666666666,-0.40743327607422786,0.6
1.01,0.868330304444798,0.6
1.0133333333333334,-1.0497491965136085,0.6
1.0166666666666666,0.8932990224861036,0.6
1.02,-0.44933435692622203,0.6
1.0233333333333334,-0.13925169062076448,0.6
1.0266666666666666,0.6830186148775138,0.6
1.03,-1.006951256525148,0.6
1.0333333333333334,1.006789646158508,0.6
1.0366666666666666,-0.6825857991959718,0.6
1.04,0.13868697435596472,0.6
1.0433333333333332,0.4498492159242797,0.6
1.0466666666666666,-0.8935983132748219,0.6
1.05,1.0497365902750073,0.6
1.0533333333333332,-0.868009858584282,0.6
1.0566666666666666,0.40690812831649015,0.6
1.06,0.1851598077439726,0.6
1.0633333333333332,-0.7176327743309642,0.6
1.0666666666666667,1.0191306508025453,0.6
1.07,-0.9926142526641791,0.6
1.0733333333333333,0.6466180667294807,0.6
1.0766666666666667,-0.0925033672941507,0.6
1.08,-0.4913841830490332,0.6
1.0833333333333333,0.9171163229640221,0.6
1.0866666666666667,-1.047668207851758,0.6
1.09,0.8410208072899005,0.6
1.0933333333333333,-0.3636850216639403,0.6
1.0966666666666667,-0.23070531283037018,0.6
1.1,0.7508415408692203,0.6
1.1033333333333333,-1.0293142067521426,0.6
1.1066666666666667,0.9764949498500517,0.6
0.37,1.07,5374.87
0.0033333333333333335,-0.5440211108893698,0.5
0.006666666666666667,0.9129452507276277,0.5
0.01,-0.9880316240928618,0.5
0.013333333333333334,0.7451131604793488,0.5
0.016666666666666666,-0.26237485370392877,0.5
0.02,-0.3048106211022167,0.5
0.023333333333333334,0.7738906815578891,0.5
0.02666666666666667,-0.9938886539233752,0.5
0.03,0.8939966636005579,0.5
0.03333333333333333,-0.5063656411097588,0.5
0.03666666666666667,-0.044242678085070965,0.5
0.04,0.5806111842123143,0.5
0.043333333333333335,-0.9301059501867618,0.5
0.04666666666666667,0.9802396594403116,0.5
0.05,-0.7148764296291646,0.5
0.05333333333333334,0.21942525837900473,0.5
0.056666666666666664,0.3466494554970303,0.5
0.06,-0.8011526357338304,0.5
0.06333333333333334,0.9977992786806003,0.5
0.06666666666666667,-0.8732972972139946,0.5
0.07,0.46771851834275896,0.5
0.07333333333333333,0.08839871248753149,0.5
0.07666666666666666,-0.6160642040533645,0.5
0.08,0.9454451549211168,0.5
0.08333333333333333,-0.9705280195418053,0.5
0.08666666666666667,0.6832397038158508,0.5
0.09,-0.1760459464712114,0.5
0.09333333333333334,-0.3878094208292295,0.5
0.09666666666666666,0.8268456339220814,0.5
0.1,-0.9997558399011495,0.5
0.10333333333333333,0.8508876886558596,0.5
0.10666666666666667,-0.42815542808445156,0.5
0.11,-0.13238162920545193,0.5
0.11333333333333333,0.6503107401625525,0.5
0.11666666666666667,-0.9589328250406132,0.5
0.12,0.9589157234143065,0.5
0.12333333333333334,-0.6502649395607762,0.5
0.12666666666666668,0.13232187086982847,0.5
0.13,0.42820991051876856,0.5
0.13333333333333333,-0.8509193596391765,0.5
0.13666666666666666,0.9997545059076306,0.5
0.14,-0.8268117243068012,0.5
0.14333333333333334,0.38775384963726117,0.5
0.14666666666666667,0.176105293265966,0.5
0.15,-0.6832837250355236,0.5
0.15333333333333332,0.970542546651256,0.5
0.15666666666666668,-0.9454255122693237,0.5
0.16,0.6160167137641636,0.5
0.16333333333333333,-0.08833865964017233,0.5
0.16666666666666666,-0.46777180532247614,0.5
0.17,0.8733266675417377,0.5
0.17333333333333334,-0.9977952793125009,0.5
0.17666666666666667,0.8011165538942744,0.5
0.18,-0.34659290437655327,0.5
0.18333333333333332,-0.219484077409708,0.5
0.18666666666666668,0.7149185852567496,0.5
0.19,-0.9802515835834019,0.5
0.19333333333333333,0.9300838049771285,0.5
0.19666666666666666,-0.5805620972394064,0.5
0.2,0.044182448331873195,0.5
0.20333333333333334,0.506417628279074,0.5
0.20666666666666667,-0.8940236757546595,0.5
0.21,0.9938819970129513,0.5
0.21333333333333335,-0.773852498155771,0.5
0.21666666666666667,0.3047532008014393,0.5
0.22,0.2624330297809573,0.5
0.22333333333333333,-0.7451533679583873,0.5
0.22666666666666666,0.9880409219176677,0.5
0.23,-0.912920646328743,0.5
0.23333333333333334,0.5439705233633756,0.5
0.23666666666666666,6.0288706691585265e-05,0.5
0.24,-0.5440716964379951,0.5
0.24333333333333335,0.9129698518082046,0.5
0.24666666666666667,-0.9880223226768295,0.5
0.25,0.7450729502920265,0.5
0.25333333333333335,-0.26231667667323905,0.5
0.25666666666666665,-0.30486804029509035,0.5
0.26,0.773928862147125,0.5
0.2633333333333333,-0.9938953072212839,0.5
0.26666666666666666,0.8939696481970214,0.5
0.27,-0.5063136520999421,0.5
0.2733333333333333,-0.044302907677458626,0.5
0.27666666666666667,0.5806602690748583,0.5
0.28,-0.9301280920157128,0.5
0.2833333333333333,0.9802277317343164,0.5
0.2866666666666667,-0.7148342714031982,0.5
0.29,0.21936643855075033,0.5
0.29333333333333333,0.3467060053575308,0.5
0.2966666666666667,-0.8011887146614145,0.5
0.3,0.9978032744219705,0.5
0.30333333333333334,-0.8732679237120532,0.5
0.30666666666666664,0.46766522966301216,0.5
0.31,0.08845876501358538,0.5
0.31333333333333335,-0.6161116921033395,0.5
0.31666666666666665,0.9454647941364738,0.5
0.32,-0.9705134889047492,0.5
0.3233333333333333,0.6831956801127874,0.5
0.32666666666666666,-0.17598659903657765,0.5
0.33,-0.38786499061161595,0.5
0.3333333333333333,0.8268795405320025,0.5
0.33666666666666667,-0.9997571702608278,0.5
0.34,0.8508560145797973,0.5
0.3433333333333333,-0.428100944093906,0.5
0.3466666666666667,-0.13244138705990416,0.5
0.35,0.6503565384006261,0.5
0.35333333333333333,-0.9589499231814597,0.5
0.3566666666666667,0.9588986183026019,0.5
0.36,-0.6502191365954637,0.5
0.36333333333333334,0.13226211205325097,0.5
0.36666666666666664,0.4282643913966589,0.5
0.37,-0.8509510275296328,0.5
0.37333333333333335,0.9997531682802758,0.5
0.37666666666666665,-0.8267778116862851,0.5
0.38,0.3876982770359131,0.5
0.38333333333333336,0.1761646394206257,0.5
0.38666666666666666,-0.6833277437716457,0.5
0.39,0.9705570702330484,0.5
0.3933333333333333,-0.9454058661811658,0.5
0.39666666666666667,0.6159692212359092,0.5
0.4,-0.08827860647172615,0.5
0.4033333333333333,-0.4678250906019699,0.5
0.4066666666666667,0.8733560346951758,0.5
0.41,-0.9977912763176868,0.5
0.41333333333333333,0.8010804691428774,0.5
0.4166666666666667,-0.3465363519963052,0.5
0.42,-0.21954289564264626,0.5
0.42333333333333334,0.7149607382857996,0.5
0.4266666666666667,-0.9802635041635444,0.5
0.43,0.9300616563868934,0.5
0.43333333333333335,-0.5805130081563131,0.5
0.43666666666666665,0.04412221841808424,0.5
0.44,0.5064696136076988,0.5
0.44333333333333336,-0.8940506846592281,0.5
0.44666666666666666,0.9938753364900367,0.5
0.45,-0.7738143119409093,0.5
0.4533333333333333,0.3046957793929669,0.5
0.45666666666666667,0.262491204904113,0.5
0.46,-0.7451935727289959,0.5
0.4633333333333333,0.9880502161512134,0.5
0.4666666666666667,-0.9128960386116399,0.5
0.47,0.5439199338601964,0.5
0.47333333333333333,0.00012057741316403747,0.5
0.4766666666666667,-0.5441222800090677,0.5
0.48,0.9129944495703841,0.5
0.48333333333333334,-0.9880130176696048,0.5
0.4866666666666667,0.7450327373965665,0.5
0.49,-0.2622584986890995,0.5
0.49333333333333335,-0.3049254583798515,0.5
0.49666666666666665,0.7739670399233398,0.5
0.5,-0.9939019569066535,0.5
0.5033333333333333,0.8939426295441483,0.5
0.5066666666666667,-0.5062616612498129,0.5
0.51,-0.044363137108817265,0.5
0.5133333333333333,0.5807093518268601,0.5
0.5166666666666667,-0.930150230463901,0.5
0.52,0.98021580046546,0.5
0.5233333333333333,-0.7147921105790036,0.5
0.5266666666666666,0.21930761792515854,0.5
0.53,0.3467625539578492,0.5
0.5333333333333333,-0.8012247906768953,0.5
0.5366666666666666,0.997807266536597,0.5
0.54,-0.8732385470360203,0.5
0.5433333333333333,0.4676119392834293,0.5
0.5466666666666666,0.08851881721811569,0.5
0.55,-0.6161591779139161,0.5
0.5533333333333333,0.9454844299153231,0.5
0.5566666666666666,-0.9704989547401403,0.5
0.56,0.6831516539264935,0.5
0.5633333333333334,-0.17592725096228046,0.5
0.5666666666666667,-0.38792055898421857,0.5
0.57,0.8269134441364414,0.5
0.5733333333333334,-0.9997584969866604,0.5
0.5766666666666667,0.8508243374111047,0.5
0.58,-0.42804645854732987,0.5
0.5833333333333334,-0.13250114443296795,0.5
0.5866666666666667,0.6504023342748304,0.5
0.59,-0.958967017836784,0.5
0.5933333333333334,0.9588815097055614,0.5
0.5966666666666667,-0.6501733312667813,0.5
0.6,0.13220235275593667,0.5
0.6033333333333334,0.4283188707179246,0.5
0.6066666666666667,-0.8509826923271134,0.5
0.61,0.99975182701909,0.5
0.6133333333333333,-0.8267438960606563,0.5
0.6166666666666667,0.3876427030253871,0.5
0.62,0.17622398493497488,0.5
0.6233333333333333,-0.6833717600240573,0.5
0.6266666666666667,0.9705715902871297,0.5
0.63,-0.9453862166567147,0.5
0.6333333333333333,0.6159217264687744,0.5
0.6366666666666667,-0.08821855298241123,0.5
0.64,-0.4678783741810467,0.5
0.6433333333333333,0.8733853986742021,0.5
0.6466666666666666,-0.9977872696961728,0.5
0.65,0.8010443814797708,0.5
0.6533333333333333,-0.34647979835649173,0.5
0.6566666666666666,-0.21960171307760581,0.5
0.66,0.7150028887161619,0.5
0.6633333333333333,-0.9802754211806953,0.5
0.6666666666666666,0.930039504416137,0.5
0.67,-0.580463916963213,0.5
0.6733333333333333,0.04406198834392301,0.5
0.6766666666666666,0.5065215970954443,0.5
0.68,-0.8940776903141655,0.5
0.6833333333333333,0.9938686723546553,0.5
0.6866666666666666,-0.7737761229134431,0.5
0.69,0.30463835687700813,0.5
0.6933333333333334,0.2625493790731846,0.5
0.6966666666666667,-0.7452337747910284,0.5
0.7,0.9880595067934651,0.5
0.7033333333333334,-0.9128714275764079,0.5
0.7066666666666667,0.5438693423800163,0.5
0.71,0.00018086611919822357,0.5
0.7133333333333334,-0.5441728616024037,0.5
0.7166666666666667,0.9130190440140772,0.5
0.72,-0.9880037090712214,0.5
0.7233333333333334,0.7449925217931151,0.5
0.7266666666666667,-0.2622003197517216,0.5
0.73,-0.30498287535629154,0.5
0.7333333333333333,0.774005214886395,0.5
0.7366666666666667,-0.9939086029794595,0.5
0.74,0.8939156076420367,0.5
0.7433333333333333,-0.5062096685595602,0.5
0.7466666666666667,-0.04442336637892796,0.5
0.75,0.5807584324681413,0.5
0.7533333333333333,-0.930172365531246,0.5
0.7566666666666667,0.9802038656337856,0.5
0.76,-0.714749947156734,0.5
0.7633333333333333,0.2192487965024432,0.5
0.7666666666666667,0.34681910129778004,0.5
0.77,-0.8012608637801419,0.5
0.7733333333333333,0.9978112550244654,0.5
0.7766666666666666,-0.8732091671860026,0.5
0.78,0.46755864720420426,0.5
0.7833333333333333,0.08857886910090416,0.5
0.7866666666666666,-0.6162066614849214,0.5
0.79,0.9455040622575938,0.5
0.7933333333333333,-0.9704844170480315,0.5
0.7966666666666666,0.683107625257129,0.5
0.8,-0.17586790224853552,0.5
0.8033333333333333,-0.38797612594683545,0.5
0.8066666666666666,0.8269473447352745,0.5
0.81,-0.9997598200786427,0.5
0.8133333333333334,0.8507926571498969,0.5
0.8166666666666667,-0.4279919714449212,0.5
0.82,-0.1325609013244261,0.5
0.8233333333333334,0.650448127784999,0.5
0.8266666666666667,-0.9589841090065238,0.5
0.83,0.9588643976232474,0.5
0.8333333333333334,-0.6501275235748956,0.5
0.8366666666666667,0.13214259297810274,0.5
0.84,0.4283733484823677,0.5
0.8433333333333334,-0.8510143540315033,0.5
0.8466666666666667,0.9997504821240781,0.5
0.85,-0.8267099774300383,0.5
0.8533333333333334,0.3875871276058853,0.5
0.8566666666666667,0.17628332980879774,0.5
0.86,-0.6834157737925983,0.5
0.8633333333333333,0.970586106813447,0.5
0.8666666666666667,-0.9453665636960418,0.5
0.87,0.6158742294629314,0.5
0.8733333333333333,-0.08815849917244585,0.5
0.8766666666666667,-0.46793165605951276,0.5
0.88,0.87341475947871,0.5
0.8833333333333333,-0.9977832594479733,0.5
0.8866666666666667,0.8010082909050854,0.5
0.89,-0.3464232434573184,0.5
0.8933333333333333,-0.21966052971437283,0.5
0.8966666666666666,0.715045036547683,0.5
0.9,-0.9802873346348117,0.5
0.9033333333333333,0.9300173490649398,0.5
0.9066666666666666,-0.5804148236602842,0.5
0.91,0.04400175810960843,0.5
0.9133333333333333,0.5065735787421215,0.5
0.9166666666666666,-0.8941046927193735,0.5
0.92,0.9938620046068314,0.5
0.9233333333333333,-0.773737931073511,0.5
0.9266666666666666,0.3045809332537718,0.5
0.93,0.2626075522879605,0.5
0.9333333333333333,-0.7452739741443387,0.5
0.9366666666666666,0.9880687938443891,0.5
0.94,-0.9128468132231364,0.5
0.9433333333333334,0.5438187489230187,0.5
0.9466666666666667,0.00024115482457501047,0.5
0.95,-0.5442234412178194,0.5
0.9533333333333334,0.9130436351391941,0.5
0.9566666666666667,-0.9879943968817129,0.5
0.96,0.7449523034818184,0.5
0.9633333333333334,-0.2621421398613168,0.5
0.9666666666666667,-0.30504029122420173,0.5
0.97,0.7740433870361515,0.5
0.9733333333333334,-0.993915245439678,0.5
0.9766666666666667,0.893888582490785,0.5
0.98,-0.506157674029373,0.5
0.9833333333333333,-0.04448359548757179,0.5
0.9866666666666667,0.5808075109985235,0.5
0.99,-0.9301944972176673,0.5
0.9933333333333333,0.9801919272393366,0.5
0.9966666666666667,-0.7147077811365425,0.5
1.0,0.21918997428281808,0.5
1.0033333333333334,0.3468756473771177,0.5
1.0066666666666666,-0.8012969339710231,0.5
1.01,0.9978152398855612,0.5
1.0133333333333334,-0.8731797841621071,0.5
1.0166666666666666,0.46750535342553057,0.5
1.02,0.08863892066173254,0.5
1.0233333333333334,-0.6162541428161832,0.5
1.0266666666666666,0.945523691163214,0.5
1.03,-0.9704698758284757,0.5
1.0333333333333334,0.683063594104854,0.5
1.0366666666666666,-0.17580855289555858,0.5
1.04,-0.3880316914992646,0.5
1.0433333333333332,0.826981242328379,0.5
1.0466666666666666,-0.9997611395367699,0.5
1.05,0.8507609737962891,0.5
1.0533333333333332,-0.4279374827868781,0.5
1.0566666666666666,-0.1326206577340614,0.5
1.06,0.6504939189309655,0.5
1.0633333333333332,-0.959001196690617,0.5
1.0666666666666667,0.9588472820557219,0.5
1.07,-0.6500817135199731,0.5
1.0733333333333333,0.1320828327199664,0.5
1.0766666666666667,0.4284278246897901,0.5
1.08,-0.8510460126426874,0.5
1.0833333333333333,0.9997491335952451,0.5
1.0866666666666667,-0.8266760557945543,0.5
1.09,0.38753155077760965,0.5
1.0933333333333333,0.17634267404187864,0.5
1.0966666666666667,-0.6834597850771087,0.5
1.1,0.9706006198119478,0.5
1.1033333333333333,-0.9453469072992182,0.5
1.1066666666666667,0.615826730218553,0.5
